{
  "configuration": {
    "num_samples": 100,
    "max_new_tokens": 256,
    "temperature": 0.1,
    "evaluated_finetuned": true
  },
  "base_results": {
    "llama3_base": {
      "MedQA": {
        "accuracy": 0.1,
        "f1_macro": 0.008264462809917356,
        "f1_weighted": 0.018181818181818184,
        "precision": 0.01,
        "recall": 0.1,
        "valid_responses": 1.0
      },
      "PubMedQA": {
        "accuracy": 0.58,
        "f1_macro": 0.24472573839662448,
        "f1_weighted": 0.4258227848101266,
        "precision": 0.33640000000000003,
        "recall": 0.58,
        "valid_responses": 1.0
      }
    },
    "llama2_base": {
      "MedQA": {
        "accuracy": 0.11,
        "f1_macro": 0.03458646616541353,
        "f1_weighted": 0.03609022556390977,
        "precision": 0.025588235294117644,
        "recall": 0.11,
        "valid_responses": 1.0
      },
      "PubMedQA": {
        "accuracy": 0.37,
        "f1_macro": 0.23030303030303031,
        "f1_weighted": 0.35418181818181815,
        "precision": 0.3396715927750411,
        "recall": 0.37,
        "valid_responses": 1.0
      }
    },
    "mistral_base": {
      "MedQA": {
        "accuracy": 0.1,
        "f1_macro": 0.008264462809917356,
        "f1_weighted": 0.018181818181818184,
        "precision": 0.01,
        "recall": 0.1,
        "valid_responses": 1.0
      },
      "PubMedQA": {
        "accuracy": 0.58,
        "f1_macro": 0.24472573839662448,
        "f1_weighted": 0.4258227848101266,
        "precision": 0.33640000000000003,
        "recall": 0.58,
        "valid_responses": 1.0
      }
    },
    "gemma_base": {
      "MedQA": {
        "accuracy": 0.1,
        "f1_macro": 0.008264462809917356,
        "f1_weighted": 0.018181818181818184,
        "precision": 0.01,
        "recall": 0.1,
        "valid_responses": 1.0
      },
      "PubMedQA": {
        "accuracy": 0.58,
        "f1_macro": 0.24472573839662448,
        "f1_weighted": 0.4258227848101266,
        "precision": 0.33640000000000003,
        "recall": 0.58,
        "valid_responses": 1.0
      }
    }
  },
  "finetuned_results": {}
}